{"name":"74238155-5f2d-49fc-89dd-d0f383cd5ee0","id":"/providers/Microsoft.Flow/flows/74238155-5f2d-49fc-89dd-d0f383cd5ee0","type":"Microsoft.Flow/flows","properties":{"apiId":"/providers/Microsoft.PowerApps/apis/shared_logicflows","displayName":"Order_Management-TST-01-Approbation Requested-V1.0","definition":{"metadata":{"workflowEntityId":null,"processAdvisorMetadata":null,"flowChargedByPaygo":null,"flowclientsuspensionreason":"None","flowclientsuspensiontime":null,"flowclientsuspensionreasondetails":null,"creator":{"id":"d4b30527-e350-465b-8fe6-e79c3f073d9f","type":"User","tenantId":"4a2f95fc-dda6-4561-bb1b-3cb0e1b9e410"},"provisioningMethod":"FromDefinition","failureAlertSubscription":true,"clientLastModifiedTime":"2024-01-05T15:02:16.8470871Z","connectionKeySavedTimeKey":"2024-01-05T15:02:16.8470871Z"},"$schema":"https://schema.management.azure.com/providers/Microsoft.Logic/schemas/2016-06-01/workflowdefinition.json#","contentVersion":"1.0.0.0","parameters":{"$connections":{"defaultValue":{},"type":"Object"},"$authentication":{"defaultValue":{},"type":"SecureObject"}},"triggers":{"When_an_item_is_created_or_modified":{"recurrence":{"frequency":"Minute","interval":5},"splitOn":"@triggerOutputs()?['body/value']","metadata":{"operationMetadataId":"070099a1-e04d-4bdf-b35c-730b2b1f287c"},"type":"OpenApiConnection","inputs":{"host":{"apiId":"/providers/Microsoft.PowerApps/apis/shared_sharepointonline","connectionName":"shared_sharepointonline_2","operationId":"GetOnUpdatedItems"},"parameters":{"dataset":"https://syntechresearchgroup.sharepoint.com/sites/FRORGOrderManagementTEST","table":"1a9c1af5-fe48-4348-ba42-c0dceb2a301a"},"authentication":"@parameters('$authentication')"},"conditions":[{"expression":"@equals(triggerOutputs()?['body/Status/Value'], 'Approbation Requested')"}]}},"actions":{"Switch_:_Status":{"runAfter":{"Initialize_variable_Environnement-Name":["Succeeded"]},"cases":{"Case_:_Status_Approbation_Requested":{"case":"Approbation Requested","actions":{"GetAD_Group_Info":{"actions":{"FR-ORG-Order-Management-TEST-Manager-Team":{"runAfter":{},"metadata":{"operationMetadataId":"c0b682c8-7dd9-4578-bc32-31feaa2de3a0"},"type":"OpenApiConnection","inputs":{"host":{"apiId":"/providers/Microsoft.PowerApps/apis/shared_azuread","connectionName":"shared_azuread","operationId":"GetGroupMembers"},"parameters":{"id":"8afeca9f-0b72-44e8-8f93-a3a1b4f45b99"},"authentication":"@parameters('$authentication')"}},"FR-ORG-Order-Management-TEST-Sales-Team":{"runAfter":{"FR-ORG-Order-Management-TEST-Manager-Team":["Succeeded"]},"metadata":{"operationMetadataId":"c0b682c8-7dd9-4578-bc32-31feaa2de3a0"},"type":"OpenApiConnection","inputs":{"host":{"apiId":"/providers/Microsoft.PowerApps/apis/shared_azuread","connectionName":"shared_azuread","operationId":"GetGroupMembers"},"parameters":{"id":"5703e886-8fa8-4aae-b30c-d590f27e744d"},"authentication":"@parameters('$authentication')"}},"FR-ORG-Order-Management-TEST-Technician-Team":{"runAfter":{"FR-ORG-Order-Management-TEST-Sales-Team":["Succeeded"]},"metadata":{"operationMetadataId":"c0b682c8-7dd9-4578-bc32-31feaa2de3a0"},"type":"OpenApiConnection","inputs":{"host":{"apiId":"/providers/Microsoft.PowerApps/apis/shared_azuread","connectionName":"shared_azuread","operationId":"GetGroupMembers"},"parameters":{"id":"d851c4df-3dcf-46be-a1c0-d202e7bcf342"},"authentication":"@parameters('$authentication')"}}},"runAfter":{},"metadata":{"operationMetadataId":"8a543741-91b9-45a0-bc6a-9ff56bdced47"},"type":"Scope"},"Get_AD-User_Info_from_a_Group":{"actions":{"Get-AD-User-FR-ORG-Order-Management-TEST-Manager-Team":{"runAfter":{},"metadata":{"operationMetadataId":"dba75ced-b7dd-4695-b28f-34a064380346"},"type":"Select","inputs":{"from":"@outputs('FR-ORG-Order-Management-TEST-Manager-Team')?['body/value']","select":"@item()?['mail']"},"description":"join(body('Get AD-User-FR-ORG-Order-Management-TEST-Manager-Team'),';')"},"Get-AD-User-FR-ORG-Order-Management-TEST-Sales-Team":{"runAfter":{"Get-AD-User-FR-ORG-Order-Management-TEST-Manager-Team":["Succeeded"]},"metadata":{"operationMetadataId":"dba75ced-b7dd-4695-b28f-34a064380346"},"type":"Select","inputs":{"from":"@outputs('FR-ORG-Order-Management-TEST-Sales-Team')?['body/value']","select":"@item()?['mail']"},"description":"join(body('Get-AD-User-FR-ORG-Order-Management-TEST-Sales-Team'),';')"},"Get-AD-User-FR-ORG-Order-Management-TEST-Technician-Team":{"runAfter":{"Get-AD-User-FR-ORG-Order-Management-TEST-Sales-Team":["Succeeded"]},"metadata":{"operationMetadataId":"dba75ced-b7dd-4695-b28f-34a064380346"},"type":"Select","inputs":{"from":"@outputs('FR-ORG-Order-Management-TEST-Technician-Team')?['body/value']","select":"@item()?['mail']"},"description":"join(body('Get-AD-User-FR-ORG-Order-Management-TEST-Technician-Team'),';')"}},"runAfter":{"GetAD_Group_Info":["Succeeded"]},"metadata":{"operationMetadataId":"e6d3e383-0a6b-435b-94cc-e238473ca517"},"type":"Scope"},"Condition":{"actions":{"Update_item_:_APPROVED":{"runAfter":{},"metadata":{"operationMetadataId":"fcee9f05-cea1-4877-a3ee-6fb9e1e7168b"},"type":"OpenApiConnection","inputs":{"host":{"apiId":"/providers/Microsoft.PowerApps/apis/shared_sharepointonline","connectionName":"shared_sharepointonline","operationId":"PatchItem"},"parameters":{"dataset":"https://syntechresearchgroup.sharepoint.com/sites/FRORGOrderManagementTEST","table":"1a9c1af5-fe48-4348-ba42-c0dceb2a301a","id":"@triggerOutputs()?['body/ID']","item/Status/Value":"Approbation OK","item/field_5/Value":"N/A"},"authentication":"@parameters('$authentication')"}},"Send_an_email_(V2)_:_APPROVED":{"runAfter":{"Update_item_:_APPROVED":["Succeeded"]},"metadata":{"operationMetadataId":"6aa153e4-af87-4312-9cb5-9f31d615efd8"},"type":"OpenApiConnection","inputs":{"host":{"apiId":"/providers/Microsoft.PowerApps/apis/shared_office365","connectionName":"shared_office365","operationId":"SendEmailV2"},"parameters":{"emailMessage/To":"@join(body('Get-AD-User-FR-ORG-Order-Management-TEST-Technician-Team'), ';')","emailMessage/Subject":"Order-Management : Order @{outputs('Update_item_:_APPROVED')?['body/field_1']}  :  @{outputs('Update_item_:_APPROVED')?['body/{Name}']} was @{outputs('Update_item_:_APPROVED')?['body/Status/Value']}","emailMessage/Body":"<!DOCTYPE html>\n<html lang=\"en\">\n<head>\n  <meta charset=\"UTF-8\">\n  <meta name=\"viewport\" content=\"width=device-width, initial-scale=1.0\">\n  <title>Your Email Title</title>\n  <style>\n    body {\n      font-family: Arial, sans-serif;\n      background-color: #fff; /* Set background color to white */\n      color: #333;\n    }\n    .container {\n      max-width: 600px;\n      margin: 0 auto;\n      padding: 20px;\n      background-color: #fff;\n      border-radius: 5px;\n      box-shadow: 0 0 10px rgba(0, 0, 0, 0.1);\n    }\n    h1 {\n      color: #007bff;\n    }\n  </style>\n</head>\n<body>\n  <div class=\"container\">\n\nHi \n <p></p>\n\n\n<p>\n  <span style=\"color: black;\">Your order </span>\n  <span style=\"color: blue;\">@{outputs('Update_item_:_APPROVED')?['body/field_1']} : @{outputs('Update_item_:_APPROVED')?['body/{Name}']} </span>\n <span style=\"color: black;\">has now the Status : </span>\n <span style=\"color: green;\">@{outputs('Update_item_:_APPROVED')?['body/Status/Value']}</span>\n<span style=\"color: black;\">at : </span>\n <span style=\"color: orange;\">@{outputs('Compose-Change-Date-Format')}</span>\n <br>\n <br>\n <span style=\"color: black;\">Please contact your manager for more Infos </span>\n\n</p>\n\n\n\n<table style=\"border-collapse: collapse;\">\n  <tr>\n    <th style=\"border: 1px solid black; background-color: lightblue;\">Référence</th>\n    <th style=\"border: 1px solid black; background-color: lightblue;\">Description</th>\n    <th style=\"border: 1px solid black; background-color: lightblue;\">Volume Unitaire</th>\n<th style=\"border: 1px solid black; background-color: lightblue;\">Quantité</th>\n  </tr>\n\n  <tr>\n    <td style=\"border: 1px solid black;\">@{triggerOutputs()?['body/field_1']}</td>\n    <td style=\"border: 1px solid black;\">@{triggerOutputs()?['body/{Name}']}</td>\n <td style=\"border: 1px solid black;\">@{triggerOutputs()?['body/field_3']}</td>\n<td style=\"border: 1px solid black;\">@{triggerOutputs()?['body/field_4']}</td>\n  </tr>\n\n</table>\n\n\n<br>\n<br>\nThanks\n\n  </div>\n</body>\n</html>","emailMessage/Importance":"Normal"},"authentication":"@parameters('$authentication')"},"description":"join(body('Get-AD-User-FR-ORG-Order-Management-TEST-Technician-Team'),';')"}},"runAfter":{"Compose-Change-Date-Format":["Succeeded"]},"else":{"actions":{"Update_item_:_NOT_APPROVED":{"runAfter":{},"metadata":{"operationMetadataId":"fcee9f05-cea1-4877-a3ee-6fb9e1e7168b"},"type":"OpenApiConnection","inputs":{"host":{"apiId":"/providers/Microsoft.PowerApps/apis/shared_sharepointonline","connectionName":"shared_sharepointonline","operationId":"PatchItem"},"parameters":{"dataset":"https://syntechresearchgroup.sharepoint.com/sites/FRORGOrderManagementTEST","table":"1a9c1af5-fe48-4348-ba42-c0dceb2a301a","id":"@triggerOutputs()?['body/ID']","item/Status/Value":"Approbation NOK","item/field_5/Value":"N/A"},"authentication":"@parameters('$authentication')"}},"Send_an_email_(V2)_:_NOT_Approved":{"runAfter":{"Update_item_:_NOT_APPROVED":["Succeeded"]},"metadata":{"operationMetadataId":"6aa153e4-af87-4312-9cb5-9f31d615efd8"},"type":"OpenApiConnection","inputs":{"host":{"apiId":"/providers/Microsoft.PowerApps/apis/shared_office365","connectionName":"shared_office365","operationId":"SendEmailV2"},"parameters":{"emailMessage/To":"@join(body('Get-AD-User-FR-ORG-Order-Management-TEST-Technician-Team'),';')","emailMessage/Subject":"Order-Management : Order @{outputs('Update_item_:_NOT_APPROVED')?['body/field_1']} :  @{outputs('Update_item_:_NOT_APPROVED')?['body/{Name}']} was @{outputs('Update_item_:_NOT_APPROVED')?['body/Status/Value']}","emailMessage/Body":"<!DOCTYPE html>\n<html lang=\"en\">\n<head>\n  <meta charset=\"UTF-8\">\n  <meta name=\"viewport\" content=\"width=device-width, initial-scale=1.0\">\n  <title>Your Email Title</title>\n  <style>\n    body {\n      font-family: Arial, sans-serif;\n      background-color: #fff; /* Set background color to white */\n      color: #333;\n    }\n    .container {\n      max-width: 600px;\n      margin: 0 auto;\n      padding: 20px;\n      background-color: #fff;\n      border-radius: 5px;\n      box-shadow: 0 0 10px rgba(0, 0, 0, 0.1);\n    }\n    h1 {\n      color: #007bff;\n    }\n  </style>\n</head>\n<body>\n  <div class=\"container\">\n\nHi \n <p></p>\n\n\n<p>\n  <span style=\"color: black;\">Your order </span>\n  <span style=\"color: blue;\">@{outputs('Update_item_:_NOT_APPROVED')?['body/field_1']} :  @{outputs('Update_item_:_NOT_APPROVED')?['body/{Name}']}</span>\n <span style=\"color: black;\">has now the Status : </span>\n <span style=\"color: red;\">@{outputs('Update_item_:_NOT_APPROVED')?['body/Status/Value']}</span>\n<span style=\"color: black;\">at : </span>\n <span style=\"color: orange;\">@{outputs('Compose-Change-Date-Format')}</span>\n <br>\n <br>\n <span style=\"color: black;\">Please contact your manager for more Infos </span>\n</p>\n\n\n\n<table style=\"border-collapse: collapse;\">\n  <tr>\n    <th style=\"border: 1px solid black; background-color: lightblue;\">Référence</th>\n    <th style=\"border: 1px solid black; background-color: lightblue;\">Description</th>\n    <th style=\"border: 1px solid black; background-color: lightblue;\">Volume Unitaire</th>\n<th style=\"border: 1px solid black; background-color: lightblue;\">Quantité/th>\n  </tr>\n\n  <tr>\n    <td style=\"border: 1px solid black;\">@{triggerOutputs()?['body/field_1']}</td>\n    <td style=\"border: 1px solid black;\">@{triggerOutputs()?['body/{Name}']}</td>\n <td style=\"border: 1px solid black;\">@{triggerOutputs()?['body/field_3']}</td>\n<td style=\"border: 1px solid black;\">@{triggerOutputs()?['body/field_4']}</td>\n  </tr>\n\n</table>\n\n\n\n<br>\n<br>\nThanks\n\n  </div>\n</body>\n</html>","emailMessage/Importance":"Normal"},"authentication":"@parameters('$authentication')"},"description":"join(body('Get-AD-User-FR-ORG-Order-Management-TEST-Technician-Team'),';')"}}},"expression":{"not":{"contains":["@outputs('Start-and-wait-for-an-approval')?['body/outcome']","Reject"]}},"metadata":{"operationMetadataId":"922cf4f2-a19e-4bc5-b8de-b91382b8435a"},"type":"If"},"Start-and-wait-for-an-approval":{"runAfter":{"Get_AD-User_Info_from_a_Group":["Succeeded"]},"metadata":{"operationMetadataId":"1dccc642-acd9-469b-ada2-00da329488a4"},"type":"OpenApiConnectionWebhook","inputs":{"host":{"apiId":"/providers/Microsoft.PowerApps/apis/shared_approvals","connectionName":"shared_approvals","operationId":"StartAndWaitForAnApproval"},"parameters":{"approvalType":"Basic","WebhookApprovalCreationInput/title":"Order Management @{variables('Env-Name')} : Review for order @{triggerOutputs()?['body/field_1']} : @{triggerOutputs()?['body/{Name}']}","WebhookApprovalCreationInput/assignedTo":"@{join(body('Get-AD-User-FR-ORG-Order-Management-TEST-Manager-Team'),';')};","WebhookApprovalCreationInput/details":"@{triggerOutputs()?['body/field_1']} : @{triggerOutputs()?['body/{Name}']}","WebhookApprovalCreationInput/itemLink":"@triggerOutputs()?['body/{Link}']","WebhookApprovalCreationInput/enableNotifications":true,"WebhookApprovalCreationInput/enableReassignment":true},"authentication":"@parameters('$authentication')"},"description":"join(body('Get-AD-User-FR-ORG-Order-Management-TEST-Manager-Team'),';')"},"Compose-Change-Date-Format":{"runAfter":{"Start-and-wait-for-an-approval":["Succeeded"]},"metadata":{"operationMetadataId":"7cceb647-6731-4b5c-a55e-ef305287fd80"},"type":"Compose","inputs":"@formatDateTime(outputs('Start-and-wait-for-an-approval')?['body/completionDate'],'dd-MMMM-yyyy hh:mm:ss')","description":"formatDateTime(outputs('Start-and-wait-for-an-approval')?['body/completionDate'],'dd-MMMM-yyyy hh:mm:ss')"}}}},"default":{"actions":{}},"expression":"@triggerOutputs()?['body/Status/Value']","metadata":{"operationMetadataId":"385b583c-d6a2-4733-a33d-8985bb9abd0e"},"type":"Switch"},"Initialize_variable_Environnement-Name":{"runAfter":{},"metadata":{"operationMetadataId":"d3ec17de-636c-4aa5-9854-e745a43f7f96"},"type":"InitializeVariable","inputs":{"variables":[{"name":"Env-Name","type":"string","value":"TST"}]}}},"outputs":{}},"connectionReferences":{"shared_azuread":{"connectionName":"shared-azuread-e2f169af-730b-429e-874c-2fce6ef9ca85","source":"Embedded","id":"/providers/Microsoft.PowerApps/apis/shared_azuread","tier":"NotSpecified"},"shared_sharepointonline":{"connectionName":"shared-sharepointonl-4419162b-143c-44f6-84a8-e46775343104","source":"Embedded","id":"/providers/Microsoft.PowerApps/apis/shared_sharepointonline","tier":"NotSpecified"},"shared_office365":{"connectionName":"shared-office365-6559d357-8604-4735-9e70-520da89408ae","source":"Embedded","id":"/providers/Microsoft.PowerApps/apis/shared_office365","tier":"NotSpecified"},"shared_approvals":{"connectionName":"shared-approvals-54fe21d3-5391-4849-ad8c-d4c2553202e9","source":"Embedded","id":"/providers/Microsoft.PowerApps/apis/shared_approvals","tier":"NotSpecified"},"shared_sharepointonline_2":{"connectionName":"shared-sharepointonl-b1b5c8b7-79e9-4d5b-99e4-d14ca6f182e4","source":"Embedded","id":"/providers/Microsoft.PowerApps/apis/shared_sharepointonline","tier":"NotSpecified"}},"flowFailureAlertSubscribed":false,"isManaged":false}}